"DESCRIPTION","DURATION IN MS","NAME","PARENT SUITE","START TIME","STATUS","STOP TIME","SUB SUITE","SUITE","TEST CLASS","TEST METHOD"
"","14868","T62-Verify functionality of ""App store"" icons from the footer section","GH Region","Fri Sep 26 14:46:24 IST 2025","passed","Fri Sep 26 14:46:39 IST 2025","Footer Module Tests","modules\footer\footer.spec.ts","",""
"","50335","T31-Verify functionality of ""Back"" button on ""Terms & Conditions"" page","ZA Region","Tue Sep 30 13:27:02 IST 2025","passed","Tue Sep 30 13:27:52 IST 2025","Footer Module Tests","modules\footer\footer.spec.ts","",""
"","17001","T26-Verify functionality of ""Responsible Gaming"" at Footer section","GH Region","Fri Sep 26 14:42:46 IST 2025","passed","Fri Sep 26 14:43:03 IST 2025","Footer Module Tests","modules\footer\footer.spec.ts","",""
"","12688","T42-Verify that User should able to click on any option available on ""How to Bet"" section","ZA Region","Tue Sep 30 13:28:51 IST 2025","passed","Tue Sep 30 13:29:03 IST 2025","Footer Module Tests","modules\footer\footer.spec.ts","",""
"","18558","T31-Verify functionality of ""Back"" button on ""Terms & Conditions"" page","GH Region","Fri Sep 26 14:43:08 IST 2025","passed","Fri Sep 26 14:43:27 IST 2025","Footer Module Tests","modules\footer\footer.spec.ts","",""
"","18882","T47-Verify that User should able to click on ""How to Deposit"" on the How To page","ZA Region","Tue Sep 30 13:29:16 IST 2025","passed","Tue Sep 30 13:29:35 IST 2025","Footer Module Tests","modules\footer\footer.spec.ts","",""
"","45960","T24-Verify that User should able to click on any question from FAQs list","ZA Region","Tue Sep 30 13:26:31 IST 2025","passed","Tue Sep 30 13:27:17 IST 2025","Footer Module Tests","modules\footer\footer.spec.ts","",""
"","0","T23 - Verify that user is not able to login if mobile number field has less than 9 numeric characters when navigated from signup popup window from aviator page","ZA Region","Mon Sep 29 19:26:01 IST 2025","skipped","Mon Sep 29 19:26:01 IST 2025","Login Page Tests","modules\login\loginPage.spec.ts","",""
"","0","T24 - Verify that user is not able to login if mobile number field has more than 9 numeric characters when navigated from signup popup window from aviator page","ZA Region","Mon Sep 29 19:26:01 IST 2025","skipped","Mon Sep 29 19:26:01 IST 2025","Login Page Tests","modules\login\loginPage.spec.ts","",""
"","47375","T32-Verify functionality of ""Betting Rules"" at footer section","ZA Region","Tue Sep 30 13:27:07 IST 2025","passed","Tue Sep 30 13:27:54 IST 2025","Footer Module Tests","modules\footer\footer.spec.ts","",""
"","15451","T20-Verify presence and functionality of ""Twitter: @Betway_GH"" hyperlink","GH Region","Fri Sep 26 14:42:18 IST 2025","failed","Fri Sep 26 14:42:33 IST 2025","Footer Module Tests","modules\footer\footer.spec.ts","",""
"","46439","T30-Verify that User should able to click on any question from FAQs list","ZA Region","Sat Sep 20 14:55:58 IST 2025","passed","Sat Sep 20 14:56:45 IST 2025","Footer Module Tests","modules\footer\footer.spec.ts","",""
"","9923","T43-Verify that User should able to click on ""How to Betgames"" on the How To page","ZA Region","Tue Sep 30 13:28:51 IST 2025","passed","Tue Sep 30 13:29:01 IST 2025","Footer Module Tests","modules\footer\footer.spec.ts","",""
"","0","New-T11-Verify correct graphical representation of ""Last Four weeks"" data .","ZA Region","Mon Sep 29 19:23:17 IST 2025","skipped","Mon Sep 29 19:23:17 IST 2025","BetInfluencer Tests","modules\betInfluencer\betInfluencer.spec.ts","",""
"","13050","T58-Verify presence of Legal information about Betway at footer section","GH Region","Fri Sep 26 14:46:01 IST 2025","passed","Fri Sep 26 14:46:14 IST 2025","Footer Module Tests","modules\footer\footer.spec.ts","",""
"","0","T26 - Verify that user is not able to enter special character in mobile number field when navigated from signup popup window from aviator page","ZA Region","Mon Sep 29 19:26:01 IST 2025","skipped","Mon Sep 29 19:26:01 IST 2025","Login Page Tests","modules\login\loginPage.spec.ts","",""
"","17433","should load and use CSV locators","ZA Region","Fri Sep 26 19:29:58 IST 2025","failed","Fri Sep 26 19:30:16 IST 2025","CSV Locator Tests","modules\footer\sample.spec.ts","",""
"","32629","T2-Verify the ""Betway"" logo in footer","GH Region","Fri Sep 26 14:40:57 IST 2025","passed","Fri Sep 26 14:41:29 IST 2025","Footer Module Tests","modules\footer\footer.spec.ts","",""
"","0","T28-Verify functionality of ""Submit"" button""","GH Region","Fri Sep 26 19:26:43 IST 2025","skipped","Fri Sep 26 19:26:43 IST 2025","Footer Module Tests","modules\footer\footer.spec.ts","",""
"","0","T27 - Verify that user is not able to login if password field is empty when navigated from signup popup window from aviator page","ZA Region","Mon Sep 29 19:26:01 IST 2025","skipped","Mon Sep 29 19:26:01 IST 2025","Login Page Tests","modules\login\loginPage.spec.ts","",""
"","18089","T46-Verify that User should able to click on any option available on ""How to Register"" section","ZA Region","Tue Sep 30 13:29:13 IST 2025","passed","Tue Sep 30 13:29:31 IST 2025","Footer Module Tests","modules\footer\footer.spec.ts","",""
"","50362","T36-Verify expand and collapse functionality of any options button inside ""Terms & Conditions"" page","ZA Region","Sat Sep 20 14:56:45 IST 2025","passed","Sat Sep 20 14:57:35 IST 2025","Footer Module Tests","modules\footer\footer.spec.ts","",""
"","1275","T2-Summary page presence","ZA Region","Mon Sep 29 19:23:10 IST 2025","failed","Mon Sep 29 19:23:12 IST 2025","BetInfluencer Tests","modules\betInfluencer\betInfluencer.spec.ts","",""
"","13333","T59-Verify presence of version information of Betway application at footer section","GH Region","Fri Sep 26 14:46:10 IST 2025","passed","Fri Sep 26 14:46:24 IST 2025","Footer Module Tests","modules\footer\footer.spec.ts","",""
"","27384","T12-Verify functionality of ""privacy policy"" button","GH Region","Fri Sep 26 14:41:47 IST 2025","passed","Fri Sep 26 14:42:15 IST 2025","Footer Module Tests","modules\footer\footer.spec.ts","",""
"","51199","T44-Verify options availability at ""How To"" page","ZA Region","Sat Sep 20 14:57:47 IST 2025","passed","Sat Sep 20 14:58:38 IST 2025","Footer Module Tests","modules\footer\footer.spec.ts","",""
"","21428","T24-Verify that User should able to click on any question from FAQs list","GH Region","Fri Sep 26 14:42:37 IST 2025","passed","Fri Sep 26 14:42:59 IST 2025","Footer Module Tests","modules\footer\footer.spec.ts","",""
"","12912","T57-Verify functionality of ""Affiliate Program"" button at the Footer section","GH Region","Fri Sep 26 14:45:58 IST 2025","passed","Fri Sep 26 14:46:11 IST 2025","Footer Module Tests","modules\footer\footer.spec.ts","",""
"","15531","T34-Verify Contents of betway app","GH Region","Fri Sep 26 14:43:22 IST 2025","passed","Fri Sep 26 14:43:37 IST 2025","Footer Module Tests","modules\footer\footer.spec.ts","",""
"","3","T10-Verify Codes Used inside Details page inside bet influencer from Hamburger menu.","ZA Region","Mon Sep 29 19:23:15 IST 2025","skipped","Mon Sep 29 19:23:15 IST 2025","BetInfluencer Tests","modules\betInfluencer\betInfluencer.spec.ts","",""
"","12014","T19-Verify the presence and functionality of ""Email: Support@betway.co.za"" hyperlink","ZA Region","Tue Sep 30 13:26:18 IST 2025","passed","Tue Sep 30 13:26:30 IST 2025","Footer Module Tests","modules\footer\footer.spec.ts","",""
"","18888","T1-Verify Footer page","ZA Region","Tue Sep 30 13:25:35 IST 2025","passed","Tue Sep 30 13:25:54 IST 2025","Footer Module Tests","modules\footer\footer.spec.ts","",""
"","0","T13-Verify Previous/Next button functionality on Details page inside bet influencer from Hamburger menu.","ZA Region","Mon Sep 29 19:23:17 IST 2025","skipped","Mon Sep 29 19:23:17 IST 2025","BetInfluencer Tests","modules\betInfluencer\betInfluencer.spec.ts","",""
"","58844","T37-Verify functionality of ""Back"" button on ""Terms & Conditions"" page","ZA Region","Sat Sep 20 14:56:48 IST 2025","passed","Sat Sep 20 14:57:47 IST 2025","Footer Module Tests","modules\footer\footer.spec.ts","",""
"","17780","T3-Verify that user should able to click on ""Betway"" logo in footer","GH Region","Fri Sep 26 14:40:57 IST 2025","passed","Fri Sep 26 14:41:15 IST 2025","Footer Module Tests","modules\footer\footer.spec.ts","",""
"","42401","T40-Verify Contents of betway app","ZA Region","Sat Sep 20 14:57:17 IST 2025","passed","Sat Sep 20 14:57:59 IST 2025","Footer Module Tests","modules\footer\footer.spec.ts","",""
"","17456","T50-Verify that User should able to click on any option available on ""How to Reset Password"" section","ZA Region","Tue Sep 30 13:29:32 IST 2025","passed","Tue Sep 30 13:29:50 IST 2025","Footer Module Tests","modules\footer\footer.spec.ts","",""
"","0","New T21-Verify contents and UI of the ""Result Section"" on Details section inside Bet Influencer","ZA Region","Mon Sep 29 19:23:17 IST 2025","skipped","Mon Sep 29 19:23:17 IST 2025","BetInfluencer Tests","modules\betInfluencer\betInfluencer.spec.ts","",""
"","18900","T47-Verify that User should able to click on ""How to Deposit"" on the How To page","GH Region","Fri Sep 26 14:44:59 IST 2025","passed","Fri Sep 26 14:45:18 IST 2025","Footer Module Tests","modules\footer\footer.spec.ts","",""
"","0","T56/60/64 - Verify that user is able to click ""Login"" from popup window when clicked on ""Favorite icon"" button on game banner while on ""Aviator"" page","ZA Region","Mon Sep 29 19:26:02 IST 2025","skipped","Mon Sep 29 19:26:02 IST 2025","Login Page Tests","modules\login\loginPage.spec.ts","",""
"","59078","T46-Verify that User should able to click on any option available on ""How to SMS"" section","ZA Region","Sat Sep 20 14:57:59 IST 2025","passed","Sat Sep 20 14:58:58 IST 2025","Footer Module Tests","modules\footer\footer.spec.ts","",""
"","0","New T25-Verify ""Booking code"" Dropdown functionality on Details page inside Bet Influencer.","ZA Region","Mon Sep 29 19:23:17 IST 2025","skipped","Mon Sep 29 19:23:17 IST 2025","BetInfluencer Tests","modules\betInfluencer\betInfluencer.spec.ts","",""
"","7067","T21-Verify functionality of ""Mobile Number"" text box","GH Region","Fri Sep 26 19:26:34 IST 2025","failed","Fri Sep 26 19:26:41 IST 2025","Footer Module Tests","modules\footer\footer.spec.ts","",""
"","158932","T35-Verify functionality of ""Back button"" inside the Betway App page screen","ZA Region","Tue Sep 30 13:27:38 IST 2025","failed","Tue Sep 30 13:30:16 IST 2025","Footer Module Tests","modules\footer\footer.spec.ts","",""
"","7141","T45-Verify that User should able to click on ""How to Register"" on the How To page","GH Region","Fri Sep 26 14:44:21 IST 2025","passed","Fri Sep 26 14:44:28 IST 2025","Footer Module Tests","modules\footer\footer.spec.ts","",""
"","53874","T58-Verify that User should able to click on any option available on ""How to Withdraw"" section","ZA Region","Sat Sep 20 14:59:36 IST 2025","passed","Sat Sep 20 15:00:30 IST 2025","Footer Module Tests","modules\footer\footer.spec.ts","",""
"","22074","T4-Verify functionality of ""Betway"" logo at footer","GH Region","Fri Sep 26 14:40:57 IST 2025","passed","Fri Sep 26 14:41:19 IST 2025","Footer Module Tests","modules\footer\footer.spec.ts","",""
"","12506","T44-Verify that User should able to click on any option available on ""How to Betgames"" section","ZA Region","Tue Sep 30 13:29:01 IST 2025","passed","Tue Sep 30 13:29:14 IST 2025","Footer Module Tests","modules\footer\footer.spec.ts","",""
"","0","T41- Verify that user is able to see the ""Login"" window when clicked on ""Play"" button on game banner while on ""Virtuals"" page","ZA Region","Mon Sep 29 19:26:02 IST 2025","skipped","Mon Sep 29 19:26:02 IST 2025","Login Page Tests","modules\login\loginPage.spec.ts","",""
"","649","New-T6/T7-Verify graphical representational data for ""Number of codes"" inside summary section./Verify graphical representational data for ""Total Bets taken"" inside summary section.","ZA Region","Mon Sep 29 19:23:10 IST 2025","failed","Mon Sep 29 19:23:11 IST 2025","BetInfluencer Tests","modules\betInfluencer\betInfluencer.spec.ts","",""
"","0","T18 -Verify that user is not able to enter special character in mobile number field","ZA Region","Mon Sep 29 19:26:01 IST 2025","skipped","Mon Sep 29 19:26:01 IST 2025","Login Page Tests","modules\login\loginPage.spec.ts","",""
"","12686","T57-Verify functionality of ""Affiliate Program"" button at the Footer section","ZA Region","Tue Sep 30 13:30:02 IST 2025","passed","Tue Sep 30 13:30:14 IST 2025","Footer Module Tests","modules\footer\footer.spec.ts","",""
"","17279","T37-Verify functionality of ""How To"" button at Footer section","GH Region","Fri Sep 26 14:43:37 IST 2025","passed","Fri Sep 26 14:43:55 IST 2025","Footer Module Tests","modules\footer\footer.spec.ts","",""
"","11614","Verify Summary Button","ZA Region","Tue Sep 30 12:23:35 IST 2025","passed","Tue Sep 30 12:23:47 IST 2025","","modules\footer\sample.spec.ts","",""
"","31763","T9-Verify functionality of ""Contact Us"" button","ZA Region","Sat Sep 20 14:55:08 IST 2025","passed","Sat Sep 20 14:55:39 IST 2025","Footer Module Tests","modules\footer\footer.spec.ts","",""
"","48268","T43-Verify functionality of ""How To"" button at Footer section","ZA Region","Sat Sep 20 14:57:45 IST 2025","passed","Sat Sep 20 14:58:34 IST 2025","Footer Module Tests","modules\footer\footer.spec.ts","",""
"","19037","T30-Verify expand and collapse functionality of any options button inside ""Terms & Conditions"" page","GH Region","Fri Sep 26 14:43:03 IST 2025","passed","Fri Sep 26 14:43:22 IST 2025","Footer Module Tests","modules\footer\footer.spec.ts","",""
"","0","T20 - bet with 4 legs and later add 1 legs and share the code","ZA Region","Mon Sep 29 19:23:17 IST 2025","skipped","Mon Sep 29 19:23:17 IST 2025","BetInfluencer Tests","modules\betInfluencer\betInfluencer.spec.ts","",""
"","52302","T37-Verify functionality of ""How To"" button at Footer section","ZA Region","Tue Sep 30 13:27:49 IST 2025","passed","Tue Sep 30 13:28:41 IST 2025","Footer Module Tests","modules\footer\footer.spec.ts","",""
"","19934","T29-Verify functionality of ""Terms & Conditions"" at the Footer section","GH Region","Fri Sep 26 14:43:00 IST 2025","passed","Fri Sep 26 14:43:20 IST 2025","Footer Module Tests","modules\footer\footer.spec.ts","",""
"","14630","T49-Verify that User should able to click on ""How to Reset Password"" on the How To page","ZA Region","Tue Sep 30 13:29:31 IST 2025","passed","Tue Sep 30 13:29:46 IST 2025","Footer Module Tests","modules\footer\footer.spec.ts","",""
"","27647","T14-Verify functionality of ""Contact Us"" button","GH Region","Fri Sep 26 14:41:50 IST 2025","passed","Fri Sep 26 14:42:18 IST 2025","Footer Module Tests","modules\footer\footer.spec.ts","",""
"","43180","T51-Verify that User should able to click on ""How to Register"" on the How To page","ZA Region","Sat Sep 20 14:58:43 IST 2025","passed","Sat Sep 20 14:59:26 IST 2025","Footer Module Tests","modules\footer\footer.spec.ts","",""
"","44139","T55-Verify that User should able to click on ""How to Reset Password"" on the How To page","ZA Region","Sat Sep 20 14:59:15 IST 2025","passed","Sat Sep 20 15:00:00 IST 2025","Footer Module Tests","modules\footer\footer.spec.ts","",""
"","1684","T3-Details page presence","ZA Region","Mon Sep 29 19:23:10 IST 2025","failed","Mon Sep 29 19:23:12 IST 2025","BetInfluencer Tests","modules\betInfluencer\betInfluencer.spec.ts","",""
"","1","T23 - Verify influencer is getting payout if influencer place a bet for ""Draw no bet market"" legs.","ZA Region","Mon Sep 29 19:23:17 IST 2025","skipped","Mon Sep 29 19:23:17 IST 2025","BetInfluencer Tests","modules\betInfluencer\betInfluencer.spec.ts","",""
"","0","T28 - Verify Influencer is getting payout if influencer place a bet by taking 5 legs from Live Section and share booking code .","ZA Region","Mon Sep 29 19:23:17 IST 2025","skipped","Mon Sep 29 19:23:17 IST 2025","BetInfluencer Tests","modules\betInfluencer\betInfluencer.spec.ts","",""
"","70985","T62-Verify that User should able to click on any option available on ""How to Casino"" section","ZA Region","Sat Sep 20 15:00:05 IST 2025","passed","Sat Sep 20 15:01:16 IST 2025","Footer Module Tests","modules\footer\footer.spec.ts","",""
"","1","T49 - Verify that user is able to see the ""Login"" window from signup popup window when clicked on ""Play"" button on game banner while on ""betgames"" page","ZA Region","Mon Sep 29 19:26:02 IST 2025","skipped","Mon Sep 29 19:26:02 IST 2025","Login Page Tests","modules\login\loginPage.spec.ts","",""
"","9531","T41-Verify that User should able to click on ""How to Bet"" on the How To page","ZA Region","Tue Sep 30 13:28:41 IST 2025","passed","Tue Sep 30 13:28:51 IST 2025","Footer Module Tests","modules\footer\footer.spec.ts","",""
"","28239","T7-Verify functionality of ""privacy policy"" button","ZA Region","Sat Sep 20 14:54:53 IST 2025","passed","Sat Sep 20 14:55:22 IST 2025","Footer Module Tests","modules\footer\footer.spec.ts","",""
"","25181","T36-Verify functionality of ""Back button"" on Betway App page","GH Region","Fri Sep 26 14:43:36 IST 2025","passed","Fri Sep 26 14:44:01 IST 2025","Footer Module Tests","modules\footer\footer.spec.ts","",""
"","154513","T36-Verify functionality of ""Back button"" on Betway App page","ZA Region","Tue Sep 30 13:27:41 IST 2025","failed","Tue Sep 30 13:30:16 IST 2025","Footer Module Tests","modules\footer\footer.spec.ts","",""
"","8619","T38-Verify options availability at ""How To"" page","GH Region","Fri Sep 26 14:43:47 IST 2025","passed","Fri Sep 26 14:43:56 IST 2025","Footer Module Tests","modules\footer\footer.spec.ts","",""
"","211436","T39-Verify that User should able to click on ""How to Bet SMS"" on the How To page","GH Region","Fri Sep 26 14:43:53 IST 2025","broken","Fri Sep 26 14:47:24 IST 2025","Footer Module Tests","modules\footer\footer.spec.ts","",""
"","41269","T14-Verify the presence and functionality of ""Email: Support@betway.co.za"" hyperlink","ZA Region","Sat Sep 20 14:55:22 IST 2025","passed","Sat Sep 20 14:56:03 IST 2025","Footer Module Tests","modules\footer\footer.spec.ts","",""
"","22129","T11-Verify that on Sponsorships information page all the hyperlink should navigate to the respected page after clicking on it","GH Region","Fri Sep 26 14:41:33 IST 2025","passed","Fri Sep 26 14:41:55 IST 2025","Footer Module Tests","modules\footer\footer.spec.ts","",""
"","3475","T15 - Verify that user is not able to login if mobile number field has less than 9 numeric characters","ZA Region","Mon Sep 29 19:25:57 IST 2025","failed","Mon Sep 29 19:26:01 IST 2025","Login Page Tests","modules\login\loginPage.spec.ts","",""
"","28241","T11-Verify that on Sponsorships information page all the hyperlink should navigate to the respected page after clicking on it","ZA Region","Tue Sep 30 13:25:53 IST 2025","passed","Tue Sep 30 13:26:22 IST 2025","Footer Module Tests","modules\footer\footer.spec.ts","",""
"","0","T28 - Verify that user is not able to login if password field has less than 5 character when navigated from signup popup window from aviator page","ZA Region","Mon Sep 29 19:26:01 IST 2025","skipped","Mon Sep 29 19:26:01 IST 2025","Login Page Tests","modules\login\loginPage.spec.ts","",""
"","17132","T67-Verify presence and functionality of ""Betway App QR code "" at footer section","ZA Region","Tue Sep 30 13:30:19 IST 2025","passed","Tue Sep 30 13:30:37 IST 2025","Footer Module Tests","modules\footer\footer.spec.ts","",""
"","38286","T3-Verify functionality of ""Betway"" logo at footer","ZA Region","Sat Sep 20 14:54:33 IST 2025","passed","Sat Sep 20 14:55:11 IST 2025","Footer Module Tests","modules\footer\footer.spec.ts","",""
"","48998","T30-Verify expand and collapse functionality of any options button inside ""Terms & Conditions"" page","ZA Region","Tue Sep 30 13:27:00 IST 2025","passed","Tue Sep 30 13:27:49 IST 2025","Footer Module Tests","modules\footer\footer.spec.ts","",""
"","47488","T29-Verify functionality of ""Terms & Conditions"" at the Footer section","ZA Region","Tue Sep 30 13:26:54 IST 2025","passed","Tue Sep 30 13:27:41 IST 2025","Footer Module Tests","modules\footer\footer.spec.ts","",""
"","16978","T27-Verify contents of the ""Responsible Gaming"" at Footer section","GH Region","Fri Sep 26 14:42:51 IST 2025","passed","Fri Sep 26 14:43:08 IST 2025","Footer Module Tests","modules\footer\footer.spec.ts","",""
"","19642","T9-Verify that on Sponsorships information page all the hyperlink should navigate to the respected page after clicking on it","GH Region","Fri Sep 26 14:41:31 IST 2025","passed","Fri Sep 26 14:41:50 IST 2025","Footer Module Tests","modules\footer\footer.spec.ts","",""
"","0","T42 - Verify that user is able to see the ""Login"" window from signup popup window when clicked on ""Play"" button on game banner while on ""Virtuals"" page","ZA Region","Mon Sep 29 19:26:02 IST 2025","skipped","Mon Sep 29 19:26:02 IST 2025","Login Page Tests","modules\login\loginPage.spec.ts","",""
"","10053","T53-Verify that User should able to click on ""How to Jackpots"" on the How To page","GH Region","Fri Sep 26 14:45:42 IST 2025","passed","Fri Sep 26 14:45:52 IST 2025","Footer Module Tests","modules\footer\footer.spec.ts","",""
"","0","T17 - Verify influencer is getting payout if influencer place a bet with 5 legs.","ZA Region","Mon Sep 29 19:23:17 IST 2025","skipped","Mon Sep 29 19:23:17 IST 2025","BetInfluencer Tests","modules\betInfluencer\betInfluencer.spec.ts","",""
"","19306","T10-Verify that on Sponsorships information page all the hyperlink should navigate to the respected page after clicking on it","ZA Region","Tue Sep 30 13:25:53 IST 2025","passed","Tue Sep 30 13:26:12 IST 2025","Footer Module Tests","modules\footer\footer.spec.ts","",""
"","668","T51- Verify that user is able to see the ""Login"" popup window","ZA Region","Tue Sep 30 11:51:30 IST 2025","failed","Tue Sep 30 11:51:31 IST 2025","Login Page Tests","modules\login\loginPage.spec.ts","",""
"","46699","T56-Verify that User should able to click on any option available on ""How to Reset Password"" section","ZA Region","Sat Sep 20 14:59:18 IST 2025","passed","Sat Sep 20 15:00:05 IST 2025","Footer Module Tests","modules\footer\footer.spec.ts","",""
"","14754","T52-Verify that User should able to click on any option available on ""How to Withdraw"" section","GH Region","Fri Sep 26 14:45:41 IST 2025","passed","Fri Sep 26 14:45:56 IST 2025","Footer Module Tests","modules\footer\footer.spec.ts","",""
"","0","T29 - Verify that user is not able to login if password field has more than 20 characters when navigated from signup popup window from aviator page","ZA Region","Mon Sep 29 19:26:01 IST 2025","skipped","Mon Sep 29 19:26:01 IST 2025","Login Page Tests","modules\login\loginPage.spec.ts","",""
"","0","T27 - Verify Influencer is getting payout if influencer place a bet by taking 5 legs from Smart Picks.","ZA Region","Mon Sep 29 19:23:17 IST 2025","skipped","Mon Sep 29 19:23:17 IST 2025","BetInfluencer Tests","modules\betInfluencer\betInfluencer.spec.ts","",""
"","14344","T25-Verify functionality of ""Back button"" inside FAQs page","ZA Region","Tue Sep 30 13:26:34 IST 2025","passed","Tue Sep 30 13:26:49 IST 2025","Footer Module Tests","modules\footer\footer.spec.ts","",""
"","11856","T66-Verify presence of Current time at footer section","ZA Region","Tue Sep 30 13:30:14 IST 2025","passed","Tue Sep 30 13:30:26 IST 2025","Footer Module Tests","modules\footer\footer.spec.ts","",""
"","43403","T8-Verify functionality of Back button inside ""Sponsorships"" page","GH Region","Fri Sep 26 14:41:20 IST 2025","passed","Fri Sep 26 14:42:03 IST 2025","Footer Module Tests","modules\footer\footer.spec.ts","",""
"","54446","T61-Verify that User should able to click on ""How to Casino"" on the How To page","ZA Region","Sat Sep 20 15:00:00 IST 2025","passed","Sat Sep 20 15:00:54 IST 2025","Footer Module Tests","modules\footer\footer.spec.ts","",""
"","48206","T45-Verify that User should able to click on ""How to Bet SMS"" on the How To page","ZA Region","Sat Sep 20 14:57:55 IST 2025","passed","Sat Sep 20 14:58:43 IST 2025","Footer Module Tests","modules\footer\footer.spec.ts","",""
"","43683","T38-Verify functionality of ""Betting Rules"" at footer section","ZA Region","Sat Sep 20 14:57:02 IST 2025","passed","Sat Sep 20 14:57:45 IST 2025","Footer Module Tests","modules\footer\footer.spec.ts","",""
"","899","T8 - Verify that user is able to see login button on signup popup window on aviator page","ZA Region","Tue Sep 30 11:51:30 IST 2025","failed","Tue Sep 30 11:51:31 IST 2025","Login Page Tests","modules\login\loginPage.spec.ts","",""
"","17437","T56-Verify that User should able to click on any option available on ""How to Casino"" section","ZA Region","Tue Sep 30 13:29:53 IST 2025","passed","Tue Sep 30 13:30:10 IST 2025","Footer Module Tests","modules\footer\footer.spec.ts","",""
"","1116","T7/New T-18/T19/T20 - Verify functionality of sort by dropdown on Details page inside bet influencer from Hamburger menu.","ZA Region","Mon Sep 29 19:23:15 IST 2025","failed","Mon Sep 29 19:23:16 IST 2025","BetInfluencer Tests","modules\betInfluencer\betInfluencer.spec.ts","",""
"","0","New T21-Verify count of ""Results"" on Detail section inside Bet influencer","ZA Region","Mon Sep 29 19:23:17 IST 2025","skipped","Mon Sep 29 19:23:17 IST 2025","BetInfluencer Tests","modules\betInfluencer\betInfluencer.spec.ts","",""
"","17644","T9-Verify that on Sponsorships information page all the hyperlink should navigate to the respected page after clicking on it","ZA Region","Tue Sep 30 13:25:52 IST 2025","passed","Tue Sep 30 13:26:10 IST 2025","Footer Module Tests","modules\footer\footer.spec.ts","",""
"","7254","T27-Verify functionality of ""Query Field"" comment text box","GH Region","Fri Sep 26 19:26:34 IST 2025","failed","Fri Sep 26 19:26:41 IST 2025","Footer Module Tests","modules\footer\footer.spec.ts","",""
"","10256","T44-Verify that User should able to click on any option available on ""How to Betgames"" section","GH Region","Fri Sep 26 14:44:10 IST 2025","passed","Fri Sep 26 14:44:21 IST 2025","Footer Module Tests","modules\footer\footer.spec.ts","",""
"","22414","T32-Verify functionality of ""Betting Rules"" at footer section","GH Region","Fri Sep 26 15:58:19 IST 2025","failed","Fri Sep 26 15:58:41 IST 2025","Footer Module Tests","modules\footer\footer.spec.ts","",""
"","0","T54/58/62 - Verify that user is able to see the ""Login"" window when clicked on ""Favorite icon"" button on game banner while on ""Aviator"" page","ZA Region","Mon Sep 29 19:26:02 IST 2025","skipped","Mon Sep 29 19:26:02 IST 2025","Login Page Tests","modules\login\loginPage.spec.ts","",""
"","6588","T22-Verify that it should not accept special character in ""Email Address"" filed","GH Region","Fri Sep 26 19:26:34 IST 2025","failed","Fri Sep 26 19:26:41 IST 2025","Footer Module Tests","modules\footer\footer.spec.ts","",""
"","1151","T6-Verify functionality of Month dropdown on Details page inside bet influencer from Hamburger menu.","ZA Region","Mon Sep 29 19:23:15 IST 2025","failed","Mon Sep 29 19:23:16 IST 2025","BetInfluencer Tests","modules\betInfluencer\betInfluencer.spec.ts","",""
"","48823","T28-Verify functionality of ""Back button"" on Responsible Gaming page","ZA Region","Tue Sep 30 13:26:49 IST 2025","passed","Tue Sep 30 13:27:38 IST 2025","Footer Module Tests","modules\footer\footer.spec.ts","",""
"","54733","T57-Verify that User should able to click on ""How to Withdraw"" on the How To page","ZA Region","Sat Sep 20 14:59:26 IST 2025","passed","Sat Sep 20 15:00:21 IST 2025","Footer Module Tests","modules\footer\footer.spec.ts","",""
"","15951","T2-Verify the ""Betway"" logo in footer","ZA Region","Tue Sep 30 13:25:36 IST 2025","passed","Tue Sep 30 13:25:52 IST 2025","Footer Module Tests","modules\footer\footer.spec.ts","",""
"","11238","T54-Verify that User should able to click on any option available on ""How to Jackpots"" section","GH Region","Fri Sep 26 14:45:47 IST 2025","passed","Fri Sep 26 14:45:58 IST 2025","Footer Module Tests","modules\footer\footer.spec.ts","",""
"","0","New T26-Verify ""Share"" booking code functionality on Result section inside Details Page from Bet Influencer.","ZA Region","Mon Sep 29 19:23:17 IST 2025","skipped","Mon Sep 29 19:23:17 IST 2025","BetInfluencer Tests","modules\betInfluencer\betInfluencer.spec.ts","",""
"","3760","T14 - Verify that user is not able to login if mobile number field is empty","ZA Region","Mon Sep 29 19:25:56 IST 2025","failed","Mon Sep 29 19:26:00 IST 2025","Login Page Tests","modules\login\loginPage.spec.ts","",""
"","32951","T6-Verify that user should able to click on ""Sponsorships"" logo in footer","GH Region","Fri Sep 26 14:41:15 IST 2025","passed","Fri Sep 26 14:41:48 IST 2025","Footer Module Tests","modules\footer\footer.spec.ts","",""
"","0","T30 - To check influencer is getting payout when Influencer share booking code to other User 1 and User 1 will share booking code to User 2.","ZA Region","Mon Sep 29 19:23:17 IST 2025","skipped","Mon Sep 29 19:23:17 IST 2025","BetInfluencer Tests","modules\betInfluencer\betInfluencer.spec.ts","",""
"","9307","T64-Verify functionality of ""18"" logo at footer section","ZA Region","Tue Sep 30 13:30:24 IST 2025","passed","Tue Sep 30 13:30:33 IST 2025","Footer Module Tests","modules\footer\footer.spec.ts","",""
"","6282","T69-Verify presence and functionality of social media icons at footer section","ZA Region","Tue Sep 30 13:30:22 IST 2025","failed","Tue Sep 30 13:30:29 IST 2025","Footer Module Tests","modules\footer\footer.spec.ts","",""
"","12110","T21-Verify functionality of Facebook: /BetwaySouthAfrica"" hyperlink","ZA Region","Tue Sep 30 13:26:26 IST 2025","passed","Tue Sep 30 13:26:38 IST 2025","Footer Module Tests","modules\footer\footer.spec.ts","",""
"","40857","T13-Verify the presence and contents of ""Standard Rate"" on Contact details page inside contact Us page","ZA Region","Sat Sep 20 14:55:17 IST 2025","passed","Sat Sep 20 14:55:58 IST 2025","Footer Module Tests","modules\footer\footer.spec.ts","",""
"","52069","T18-Verify the presence and contents of ""Standard Rate"" on Contact details page inside contact Us page","ZA Region","Tue Sep 30 13:26:14 IST 2025","passed","Tue Sep 30 13:27:06 IST 2025","Footer Module Tests","modules\footer\footer.spec.ts","",""
"","0","T68 - Verify that user is able to ""Login"" from popup window when clicked on ""Favorite icon"" button on game banner while on ""Virtuals"" page","ZA Region","Mon Sep 29 19:26:02 IST 2025","skipped","Mon Sep 29 19:26:02 IST 2025","Login Page Tests","modules\login\loginPage.spec.ts","",""
"","22067","T17-Verify functionality of ""Chat to Live Support"" button on Contact details page inside contact Us page","ZA Region","Tue Sep 30 13:26:12 IST 2025","passed","Tue Sep 30 13:26:34 IST 2025","Footer Module Tests","modules\footer\footer.spec.ts","",""
"","631","T7 - Verify that user should able to see the ""Login"" button on login popup window when clicked on aviator from carousel","ZA Region","Tue Sep 30 11:51:30 IST 2025","failed","Tue Sep 30 11:51:30 IST 2025","Login Page Tests","modules\login\loginPage.spec.ts","",""
"","14748","T2 - Verify that user should able to click on ""Login"" button","ZA Region","Tue Sep 30 09:53:07 IST 2025","failed","Tue Sep 30 09:53:21 IST 2025","Login Page Tests","modules\login\loginPage.spec.ts","",""
"","912","T1-","ZA Region","Mon Sep 29 19:23:10 IST 2025","failed","Mon Sep 29 19:23:11 IST 2025","BetInfluencer Tests","modules\betInfluencer\betInfluencer.spec.ts","",""
"","214752","T40-Verify that User should able to click on any option available on ""How to SMS"" section","GH Region","Fri Sep 26 14:43:55 IST 2025","broken","Fri Sep 26 14:47:29 IST 2025","Footer Module Tests","modules\footer\footer.spec.ts","",""
"","9356","T22-Verify contents of the ""Contact Form"" inside Contact Us page","ZA Region","Tue Sep 30 13:26:30 IST 2025","failed","Tue Sep 30 13:26:40 IST 2025","Footer Module Tests","modules\footer\footer.spec.ts","",""
"","0","T50 - Verify that user is able to click ""Login"" from popup window when clicked on ""Play"" button on game banner while on ""betgames"" page","ZA Region","Mon Sep 29 19:26:02 IST 2025","skipped","Mon Sep 29 19:26:02 IST 2025","Login Page Tests","modules\login\loginPage.spec.ts","",""
"","6156","T12 - Verify that user is able to login from login button available on signup popup window through hamburger menu","ZA Region","Mon Sep 29 19:25:54 IST 2025","failed","Mon Sep 29 19:26:00 IST 2025","Login Page Tests","modules\login\loginPage.spec.ts","",""
"","15239","T22-Verify contents of the ""Contact Form"" inside Contact Us page","GH Region","Fri Sep 26 14:42:30 IST 2025","passed","Fri Sep 26 14:42:46 IST 2025","Footer Module Tests","modules\footer\footer.spec.ts","",""
"","31840","T10-Verify contents of of ""Contact Us"" button","ZA Region","Sat Sep 20 14:55:10 IST 2025","passed","Sat Sep 20 14:55:42 IST 2025","Footer Module Tests","modules\footer\footer.spec.ts","",""
"","0","New-T32-Verify ""QR code scanner"" functionality on Bet confirmation pop up window.","ZA Region","Mon Sep 29 19:23:17 IST 2025","skipped","Mon Sep 29 19:23:17 IST 2025","BetInfluencer Tests","modules\betInfluencer\betInfluencer.spec.ts","",""
"","61880","T34-Verify functionality of ""Back button"" on Responsible Gaming page","ZA Region","Sat Sep 20 14:56:23 IST 2025","passed","Sat Sep 20 14:57:25 IST 2025","Footer Module Tests","modules\footer\footer.spec.ts","",""
"","14007","T64-Verify functionality of ""18"" logo at footer section","GH Region","Fri Sep 26 14:46:27 IST 2025","passed","Fri Sep 26 14:46:41 IST 2025","Footer Module Tests","modules\footer\footer.spec.ts","",""
"","20741","T28-Verify functionality of ""Back button"" on Responsible Gaming page","GH Region","Fri Sep 26 14:42:59 IST 2025","passed","Fri Sep 26 14:43:20 IST 2025","Footer Module Tests","modules\footer\footer.spec.ts","",""
"","0","T45 - Verify that user is able to see the ""Login"" window when clicked on ""Login"" from signup popup window while on ""Promotions"" page","ZA Region","Mon Sep 29 19:26:02 IST 2025","skipped","Mon Sep 29 19:26:02 IST 2025","Login Page Tests","modules\login\loginPage.spec.ts","",""
"","51701","T23-Verify functionality of ""FAQs"" button at Footer section","ZA Region","Tue Sep 30 13:26:31 IST 2025","passed","Tue Sep 30 13:27:22 IST 2025","Footer Module Tests","modules\footer\footer.spec.ts","",""
"","35997","T5-Verify contents of the ""Sponsorships"" page","ZA Region","Sat Sep 20 14:54:33 IST 2025","passed","Sat Sep 20 14:55:09 IST 2025","Footer Module Tests","modules\footer\footer.spec.ts","",""
"","0","T46 - Verify user is able to hide or show password when clicked on eye hide button when on homepage","ZA Region","Mon Sep 29 19:26:02 IST 2025","skipped","Mon Sep 29 19:26:02 IST 2025","Login Page Tests","modules\login\loginPage.spec.ts","",""
"","45402","T48-Verify that User should able to click on any option available on ""How to Bet"" section","ZA Region","Sat Sep 20 14:58:30 IST 2025","passed","Sat Sep 20 14:59:15 IST 2025","Footer Module Tests","modules\footer\footer.spec.ts","",""
"","33964","T4-Verify functionality of ""Sponsorships"" logo at footer","ZA Region","Sat Sep 20 14:54:33 IST 2025","passed","Sat Sep 20 14:55:07 IST 2025","Footer Module Tests","modules\footer\footer.spec.ts","",""
"","27053","T16-Verify functionality of ""Back"" button on ""Contact us"" page","GH Region","Fri Sep 26 14:42:03 IST 2025","passed","Fri Sep 26 14:42:30 IST 2025","Footer Module Tests","modules\footer\footer.spec.ts","",""
"","18374","T16-Verify functionality of ""Back"" button on ""Contact us"" page","ZA Region","Tue Sep 30 13:26:12 IST 2025","passed","Tue Sep 30 13:26:31 IST 2025","Footer Module Tests","modules\footer\footer.spec.ts","",""
"","17629","T68-Verify functionality of ""App store"" icons from the footer section","ZA Region","Tue Sep 30 13:30:22 IST 2025","passed","Tue Sep 30 13:30:39 IST 2025","Footer Module Tests","modules\footer\footer.spec.ts","",""
"","9866","T4 - Verify that user should able to click on ""Login"" button in Hamburger menu","ZA Region","Tue Sep 30 09:53:07 IST 2025","failed","Tue Sep 30 09:53:16 IST 2025","Login Page Tests","modules\login\loginPage.spec.ts","",""
"","12240","T18-Verify the presence and contents of ""Standard Rate"" on Contact details page inside contact Us page","GH Region","Fri Sep 26 14:42:08 IST 2025","passed","Fri Sep 26 14:42:21 IST 2025","Footer Module Tests","modules\footer\footer.spec.ts","",""
"","1656","New-T5-Verify functionality of ""Revenue"" on Summary page","ZA Region","Mon Sep 29 19:23:10 IST 2025","failed","Mon Sep 29 19:23:12 IST 2025","BetInfluencer Tests","modules\betInfluencer\betInfluencer.spec.ts","",""
"","12267","T1-Verify Login Button is visible on Homepage.","ZA Region","Tue Sep 30 09:53:07 IST 2025","failed","Tue Sep 30 09:53:19 IST 2025","Login Page Tests","modules\login\loginPage.spec.ts","",""
"","1002","T9-Verify Bets Taken inside Details page inside bet influencer from Hamburger menu.","ZA Region","Mon Sep 29 19:23:15 IST 2025","failed","Mon Sep 29 19:23:16 IST 2025","BetInfluencer Tests","modules\betInfluencer\betInfluencer.spec.ts","",""
"","0","T66- Verify that user is able to see the ""Login"" window when clicked on ""Favorite icon"" button on game banner while on ""Virtuals"" page","ZA Region","Mon Sep 29 19:26:02 IST 2025","skipped","Mon Sep 29 19:26:02 IST 2025","Login Page Tests","modules\login\loginPage.spec.ts","",""
"","15741","T64-Verify presence of Legal information about Betway at footer section","ZA Region","Tue Sep 30 13:30:07 IST 2025","passed","Tue Sep 30 13:30:23 IST 2025","Footer Module Tests","modules\footer\footer.spec.ts","",""
"","39980","T50-Verify that User should able to click on any option available on ""How to Betgames"" section","ZA Region","Sat Sep 20 14:58:38 IST 2025","passed","Sat Sep 20 14:59:18 IST 2025","Footer Module Tests","modules\footer\footer.spec.ts","",""
"","54814","T42-Verify functionality of ""Back button"" on Betway App page","ZA Region","Sat Sep 20 14:57:35 IST 2025","passed","Sat Sep 20 14:58:30 IST 2025","Footer Module Tests","modules\footer\footer.spec.ts","",""
"","44524","T38-Verify options availability at ""How To"" page","ZA Region","Tue Sep 30 13:27:52 IST 2025","passed","Tue Sep 30 13:28:36 IST 2025","Footer Module Tests","modules\footer\footer.spec.ts","",""
"","0","T43 -Verify that user is able to click ""Login"" from popup window when clicked on ""Play"" button on game banner while on ""Virtuals"" page","ZA Region","Mon Sep 29 19:26:02 IST 2025","skipped","Mon Sep 29 19:26:02 IST 2025","Login Page Tests","modules\login\loginPage.spec.ts","",""
"","0","T24 - Verify influencer is getting payout if influencer share code to user before placing a bet..","ZA Region","Mon Sep 29 19:23:17 IST 2025","skipped","Mon Sep 29 19:23:17 IST 2025","BetInfluencer Tests","modules\betInfluencer\betInfluencer.spec.ts","",""
"","51076","T54-Verify that User should able to click on any option available on ""How to Deposit"" section","ZA Region","Sat Sep 20 14:59:14 IST 2025","passed","Sat Sep 20 15:00:05 IST 2025","Footer Module Tests","modules\footer\footer.spec.ts","",""
"","15596","T63-Verify presence and functionality of social media icons at footer section","GH Region","Fri Sep 26 14:46:25 IST 2025","passed","Fri Sep 26 14:46:40 IST 2025","Footer Module Tests","modules\footer\footer.spec.ts","",""
"","15567","T7-Verify contents of the ""Sponsorships"" page","GH Region","Fri Sep 26 14:41:17 IST 2025","passed","Fri Sep 26 14:41:32 IST 2025","Footer Module Tests","modules\footer\footer.spec.ts","",""
"","115997","T33-Verify functionality of ""Betway App"" at Footer section","ZA Region","Tue Sep 30 13:27:17 IST 2025","failed","Tue Sep 30 13:29:13 IST 2025","Footer Module Tests","modules\footer\footer.spec.ts","",""
"","0","T44 - Verify that user is able to click ""Login"" from signup popup window when clicked on ""Play"" button on game banner while on ""Virtuals"" page","ZA Region","Mon Sep 29 19:26:02 IST 2025","skipped","Mon Sep 29 19:26:02 IST 2025","Login Page Tests","modules\login\loginPage.spec.ts","",""
"","14558","T56-Verify that User should able to click on any option available on ""How to Casino"" section","GH Region","Fri Sep 26 14:45:56 IST 2025","passed","Fri Sep 26 14:46:10 IST 2025","Footer Module Tests","modules\footer\footer.spec.ts","",""
"","12100","T27-Verify contents of the ""Responsible Gaming"" at Footer section","ZA Region","Tue Sep 30 13:26:41 IST 2025","passed","Tue Sep 30 13:26:53 IST 2025","Footer Module Tests","modules\footer\footer.spec.ts","",""
"","12242","T1-Verify Footer page","ZA Region","Mon Sep 29 10:09:20 IST 2025","passed","Mon Sep 29 10:09:32 IST 2025","","modules\footer\sample.spec.ts","",""
"","42403","T29-Verify functionality of ""FAQs"" button at Footer section","ZA Region","Sat Sep 20 14:55:42 IST 2025","passed","Sat Sep 20 14:56:25 IST 2025","Footer Module Tests","modules\footer\footer.spec.ts","",""
"","23603","T26-Verify functionality of ""Responsible Gaming"" at Footer section","ZA Region","Tue Sep 30 13:26:38 IST 2025","passed","Tue Sep 30 13:27:02 IST 2025","Footer Module Tests","modules\footer\footer.spec.ts","",""
"","45577","T33-Verify contents of the ""Responsible Gaming"" at Footer section","ZA Region","Sat Sep 20 14:56:19 IST 2025","passed","Sat Sep 20 14:57:05 IST 2025","Footer Module Tests","modules\footer\footer.spec.ts","",""
"","7161","T20-Verify that user should able to see ""Mobile Number"" filed","GH Region","Fri Sep 26 19:26:34 IST 2025","failed","Fri Sep 26 19:26:41 IST 2025","Footer Module Tests","modules\footer\footer.spec.ts","",""
"","48153","T41-Verify functionality of ""Back button"" inside the Betway App page screen","ZA Region","Sat Sep 20 14:57:25 IST 2025","passed","Sat Sep 20 14:58:13 IST 2025","Footer Module Tests","modules\footer\footer.spec.ts","",""
"","10456","T3 - Verify that user should able to see the ""Login"" button in Hamburger menu","ZA Region","Tue Sep 30 09:53:07 IST 2025","failed","Tue Sep 30 09:53:17 IST 2025","Login Page Tests","modules\login\loginPage.spec.ts","",""
"","5194","T9 - Verify user is able to login","ZA Region","Mon Sep 29 19:25:54 IST 2025","failed","Mon Sep 29 19:25:59 IST 2025","Login Page Tests","modules\login\loginPage.spec.ts","",""
"","0","T25 -Verify that user is not able to login if mobile number field has alphanumeric characters when navigated from signup popup window from aviator page","ZA Region","Mon Sep 29 19:26:01 IST 2025","skipped","Mon Sep 29 19:26:01 IST 2025","Login Page Tests","modules\login\loginPage.spec.ts","",""
"","87611","T53-Verify that User should able to click on ""How to Jackpots"" on the How To page","ZA Region","Tue Sep 30 13:29:46 IST 2025","failed","Tue Sep 30 13:31:14 IST 2025","Footer Module Tests","modules\footer\footer.spec.ts","",""
"","37599","T52-Verify that User should able to click on any option available on ""How to Register"" section","ZA Region","Sat Sep 20 14:58:58 IST 2025","passed","Sat Sep 20 14:59:36 IST 2025","Footer Module Tests","modules\footer\footer.spec.ts","",""
"","0","T57/61/65 - Verify that user is able to click ""Login"" from sign up popup window when clicked on ""Favorite icon"" button on game banner while on ""Aviator"" page","ZA Region","Mon Sep 29 19:26:02 IST 2025","skipped","Mon Sep 29 19:26:02 IST 2025","Login Page Tests","modules\login\loginPage.spec.ts","",""
"","49765","T15-Verify contents of of ""Contact Us"" button","ZA Region","Tue Sep 30 13:26:10 IST 2025","passed","Tue Sep 30 13:27:00 IST 2025","Footer Module Tests","modules\footer\footer.spec.ts","",""
"","45170","T63-Verify functionality of ""Affiliate Program"" button at the Footer section","ZA Region","Sat Sep 20 15:00:05 IST 2025","passed","Sat Sep 20 15:00:50 IST 2025","Footer Module Tests","modules\footer\footer.spec.ts","",""
"","1","T40- Verify that user is able to click ""Login"" from popup window when clicked on ""Play"" button on game banner while on ""casino"" page","ZA Region","Mon Sep 29 19:26:01 IST 2025","skipped","Mon Sep 29 19:26:02 IST 2025","Login Page Tests","modules\login\loginPage.spec.ts","",""
"","38067","T49-Verify that User should able to click on ""How to Betgames"" on the How To page","ZA Region","Sat Sep 20 14:58:34 IST 2025","passed","Sat Sep 20 14:59:12 IST 2025","Footer Module Tests","modules\footer\footer.spec.ts","",""
"","0","T21 - bet with 4 legs and later add 1 legs and share the code","ZA Region","Mon Sep 29 19:23:17 IST 2025","skipped","Mon Sep 29 19:23:17 IST 2025","BetInfluencer Tests","modules\betInfluencer\betInfluencer.spec.ts","",""
"","0","T20 - Verify that user is not able to login if password field has less than 5 characters","ZA Region","Mon Sep 29 19:26:01 IST 2025","skipped","Mon Sep 29 19:26:01 IST 2025","Login Page Tests","modules\login\loginPage.spec.ts","",""
"","17638","T52-Verify that User should able to click on any option available on ""How to Withdraw"" section","ZA Region","Tue Sep 30 13:29:35 IST 2025","passed","Tue Sep 30 13:29:53 IST 2025","Footer Module Tests","modules\footer\footer.spec.ts","",""
"","13776","T60-Verify presence of Current time at footer section","GH Region","Fri Sep 26 14:46:11 IST 2025","passed","Fri Sep 26 14:46:25 IST 2025","Footer Module Tests","modules\footer\footer.spec.ts","",""
"","16119","T10-Verify that on Sponsorships information page all the hyperlink should navigate to the respected page after clicking on it","GH Region","Fri Sep 26 14:41:31 IST 2025","passed","Fri Sep 26 14:41:47 IST 2025","Footer Module Tests","modules\footer\footer.spec.ts","",""
"","867","T13 - Verify that user is able to login from signup popup window from aviator page","ZA Region","Mon Sep 29 19:25:56 IST 2025","failed","Mon Sep 29 19:25:57 IST 2025","Login Page Tests","modules\login\loginPage.spec.ts","",""
"","19305","T13-Verify back button on ""Privacy policy"" page","GH Region","Fri Sep 26 14:41:48 IST 2025","passed","Fri Sep 26 14:42:07 IST 2025","Footer Module Tests","modules\footer\footer.spec.ts","",""
"","17053","T4-Verify functionality of ""Betway"" logo at footer","ZA Region","Tue Sep 30 13:25:35 IST 2025","passed","Tue Sep 30 13:25:53 IST 2025","Footer Module Tests","modules\footer\footer.spec.ts","",""
"","15256","T49-Verify that User should able to click on ""How to Reset Password"" on the How To page","GH Region","Fri Sep 26 14:45:25 IST 2025","passed","Fri Sep 26 14:45:41 IST 2025","Footer Module Tests","modules\footer\footer.spec.ts","",""
"","50151","T39-Verify functionality of ""Betway App"" at Footer section","ZA Region","Sat Sep 20 14:57:05 IST 2025","passed","Sat Sep 20 14:57:55 IST 2025","Footer Module Tests","modules\footer\footer.spec.ts","",""
"","43041","T15-Verify presence and functionality of ""Twitter: @Betway_GH"" hyperlink","ZA Region","Sat Sep 20 14:55:36 IST 2025","passed","Sat Sep 20 14:56:19 IST 2025","Footer Module Tests","modules\footer\footer.spec.ts","",""
"","56296","T40-Verify that User should able to click on any option available on ""How to SMS"" section","ZA Region","Tue Sep 30 13:28:36 IST 2025","passed","Tue Sep 30 13:29:33 IST 2025","Footer Module Tests","modules\footer\footer.spec.ts","",""
"","16295","T3-Verify that user should able to click on ""Betway"" logo in footer","ZA Region","Tue Sep 30 13:25:36 IST 2025","passed","Tue Sep 30 13:25:52 IST 2025","Footer Module Tests","modules\footer\footer.spec.ts","",""
"","9929","T45-Verify that User should able to click on ""How to Register"" on the How To page","ZA Region","Tue Sep 30 13:29:03 IST 2025","passed","Tue Sep 30 13:29:13 IST 2025","Footer Module Tests","modules\footer\footer.spec.ts","",""
"","67939","T46-Verify that User should able to click on any option available on ""How to Register"" section","GH Region","Fri Sep 26 14:44:28 IST 2025","passed","Fri Sep 26 14:45:36 IST 2025","Footer Module Tests","modules\footer\footer.spec.ts","",""
"","0","T19 -Verify that user is not able to login if password field is empty","ZA Region","Mon Sep 29 19:26:01 IST 2025","skipped","Mon Sep 29 19:26:01 IST 2025","Login Page Tests","modules\login\loginPage.spec.ts","",""
"","15557","T33-Verify functionality of ""Betway App"" at Footer section","GH Region","Fri Sep 26 14:43:20 IST 2025","passed","Fri Sep 26 14:43:36 IST 2025","Footer Module Tests","modules\footer\footer.spec.ts","",""
"","22229","T8-Verify functionality of Back button inside ""Sponsorships"" page","ZA Region","Tue Sep 30 13:25:52 IST 2025","passed","Tue Sep 30 13:26:14 IST 2025","Footer Module Tests","modules\footer\footer.spec.ts","",""
"","161105","T34-Verify Contents of betway app","ZA Region","Tue Sep 30 13:27:22 IST 2025","failed","Tue Sep 30 13:30:03 IST 2025","Footer Module Tests","modules\footer\footer.spec.ts","",""
"","10957","T51-Verify that User should able to click on ""How to Withdraw"" on the How To page","GH Region","Fri Sep 26 14:45:36 IST 2025","passed","Fri Sep 26 14:45:47 IST 2025","Footer Module Tests","modules\footer\footer.spec.ts","",""
"","14862","T6 - Verify that user should able to click on ""Login"" button on signup popup window","ZA Region","Tue Sep 30 09:53:07 IST 2025","failed","Tue Sep 30 09:53:21 IST 2025","Login Page Tests","modules\login\loginPage.spec.ts","",""
"","13616","T15-Verify contents of of ""Contact Us"" button","GH Region","Fri Sep 26 14:41:55 IST 2025","passed","Fri Sep 26 14:42:08 IST 2025","Footer Module Tests","modules\footer\footer.spec.ts","",""
"","963","T5-Go to Detailed Breakdown","ZA Region","Mon Sep 29 19:23:15 IST 2025","failed","Mon Sep 29 19:23:16 IST 2025","BetInfluencer Tests","modules\betInfluencer\betInfluencer.spec.ts","",""
"","43394","T17-Verify functionality of Facebook: /BetwaySouthAfrica"" hyperlink","ZA Region","Sat Sep 20 14:55:39 IST 2025","passed","Sat Sep 20 14:56:23 IST 2025","Footer Module Tests","modules\footer\footer.spec.ts","",""
"","60989","T47-Verify that User should able to click on ""How to Bet"" on the How To page","ZA Region","Sat Sep 20 14:58:13 IST 2025","passed","Sat Sep 20 14:59:14 IST 2025","Footer Module Tests","modules\footer\footer.spec.ts","",""
"","0","T22 - Verify influencer is getting payout if influencer place a bet by taking combination of Sports and Esport section legs and share booking code to user .Example- 3 sport odd and 2 esport section leg.","ZA Region","Mon Sep 29 19:23:17 IST 2025","skipped","Mon Sep 29 19:23:17 IST 2025","BetInfluencer Tests","modules\betInfluencer\betInfluencer.spec.ts","",""
"","25974","T35-Verify functionality of ""Back button"" inside the Betway App page screen","GH Region","Fri Sep 26 14:43:27 IST 2025","passed","Fri Sep 26 14:43:53 IST 2025","Footer Module Tests","modules\footer\footer.spec.ts","",""
"","21452","T14-Verify functionality of ""Contact Us"" button","ZA Region","Tue Sep 30 13:26:04 IST 2025","passed","Tue Sep 30 13:26:26 IST 2025","Footer Module Tests","modules\footer\footer.spec.ts","",""
"","182370","T21-Verify functionality of Facebook: /BetwaySouthAfrica"" hyperlink","GH Region","Fri Sep 26 14:42:21 IST 2025","failed","Fri Sep 26 14:45:23 IST 2025","Footer Module Tests","modules\footer\footer.spec.ts","",""
"","51935","T35-Verify functionality of ""Terms & Conditions"" at the Footer section","ZA Region","Sat Sep 20 14:56:25 IST 2025","passed","Sat Sep 20 14:57:17 IST 2025","Footer Module Tests","modules\footer\footer.spec.ts","",""
"","35393","T8-Verify back button on ""Privacy policy"" page","ZA Region","Sat Sep 20 14:55:01 IST 2025","passed","Sat Sep 20 14:55:36 IST 2025","Footer Module Tests","modules\footer\footer.spec.ts","",""
"","57276","T39-Verify that User should able to click on ""How to Bet SMS"" on the How To page","ZA Region","Tue Sep 30 13:27:54 IST 2025","passed","Tue Sep 30 13:28:51 IST 2025","Footer Module Tests","modules\footer\footer.spec.ts","",""
"","7718","T23-Verify that it should accept only valid data in ""Email Address"" filed","GH Region","Fri Sep 26 19:26:34 IST 2025","failed","Fri Sep 26 19:26:42 IST 2025","Footer Module Tests","modules\footer\footer.spec.ts","",""
"","1","T17 - Verify that user is not able to login if mobile number field has alphanumeric characters","ZA Region","Mon Sep 29 19:26:01 IST 2025","skipped","Mon Sep 29 19:26:01 IST 2025","Login Page Tests","modules\login\loginPage.spec.ts","",""
"","19818","T23-Verify functionality of ""FAQs"" button at Footer section","GH Region","Fri Sep 26 14:42:31 IST 2025","passed","Fri Sep 26 14:42:51 IST 2025","Footer Module Tests","modules\footer\footer.spec.ts","",""
"","0","T39- Verify that user is able to see the ""Login"" window when clicked on ""Play"" button on game banner while on ""casino"" page","ZA Region","Mon Sep 29 19:26:01 IST 2025","skipped","Mon Sep 29 19:26:01 IST 2025","Login Page Tests","modules\login\loginPage.spec.ts","",""
"","12072","T55-Verify that User should able to click on ""How to Casino"" on the How To page","ZA Region","Tue Sep 30 13:29:50 IST 2025","passed","Tue Sep 30 13:30:02 IST 2025","Footer Module Tests","modules\footer\footer.spec.ts","",""
"","43831","T6-Verify functionality of Back button inside ""Sponsorships"" page","ZA Region","Sat Sep 20 14:54:33 IST 2025","passed","Sat Sep 20 14:55:17 IST 2025","Footer Module Tests","modules\footer\footer.spec.ts","",""
"","48235","T31-Verify functionality of ""Back button"" inside FAQs page","ZA Region","Sat Sep 20 14:56:00 IST 2025","passed","Sat Sep 20 14:56:48 IST 2025","Footer Module Tests","modules\footer\footer.spec.ts","",""
"","863","NewT2-Verify presence of ""Bet influencer"" option in Hamburger menu on Account pop up window from My Bet.","ZA Region","Mon Sep 29 19:23:11 IST 2025","failed","Mon Sep 29 19:23:11 IST 2025","BetInfluencer Tests","modules\betInfluencer\betInfluencer.spec.ts","",""
"","9536","T20-Verify presence and functionality of ""Twitter: @Betway_GH"" hyperlink","ZA Region","Tue Sep 30 13:26:22 IST 2025","passed","Tue Sep 30 13:26:31 IST 2025","Footer Module Tests","modules\footer\footer.spec.ts","",""
"","8396","T41-Verify that User should able to click on ""How to Bet"" on the How To page","GH Region","Fri Sep 26 14:43:56 IST 2025","passed","Fri Sep 26 14:44:05 IST 2025","Footer Module Tests","modules\footer\footer.spec.ts","",""
"","58247","T53-Verify that User should able to click on ""How to Deposit"" on the How To page","ZA Region","Sat Sep 20 14:59:12 IST 2025","passed","Sat Sep 20 15:00:10 IST 2025","Footer Module Tests","modules\footer\footer.spec.ts","",""
"","47702","T11-Verify functionality of ""Back"" button on ""Contact us"" page","ZA Region","Sat Sep 20 14:55:12 IST 2025","passed","Sat Sep 20 14:56:00 IST 2025","Footer Module Tests","modules\footer\footer.spec.ts","",""
"","12538","T61-Verify presence and functionality of ""Betway App QR code "" at footer section","GH Region","Fri Sep 26 14:46:14 IST 2025","passed","Fri Sep 26 14:46:27 IST 2025","Footer Module Tests","modules\footer\footer.spec.ts","",""
"","16576","T13-Verify back button on ""Privacy policy"" page","ZA Region","Tue Sep 30 13:25:56 IST 2025","passed","Tue Sep 30 13:26:12 IST 2025","Footer Module Tests","modules\footer\footer.spec.ts","",""
"","0","T21 - Verify that user is not able to login if password field has more than 20 characters","ZA Region","Mon Sep 29 19:26:01 IST 2025","skipped","Mon Sep 29 19:26:01 IST 2025","Login Page Tests","modules\login\loginPage.spec.ts","",""
"","7045","T11 - Verify user is able to login from signup popup","ZA Region","Mon Sep 29 19:25:54 IST 2025","failed","Mon Sep 29 19:26:01 IST 2025","Login Page Tests","modules\login\loginPage.spec.ts","",""
"","19740","T1-Verify Footer page","GH Region","Fri Sep 26 14:40:57 IST 2025","passed","Fri Sep 26 14:41:17 IST 2025","Footer Module Tests","modules\footer\footer.spec.ts","",""
"","84134","T54-Verify that User should able to click on any option available on ""How to Jackpots"" section","ZA Region","Tue Sep 30 13:29:48 IST 2025","failed","Tue Sep 30 13:31:12 IST 2025","Footer Module Tests","modules\footer\footer.spec.ts","",""
"","54302","T43-Verify that User should able to click on ""How to Betgames"" on the How To page","GH Region","Fri Sep 26 14:44:05 IST 2025","passed","Fri Sep 26 14:44:59 IST 2025","Footer Module Tests","modules\footer\footer.spec.ts","",""
"","12189","T65-Verify presence of version information of Betway application at footer section","ZA Region","Tue Sep 30 13:30:10 IST 2025","passed","Tue Sep 30 13:30:22 IST 2025","Footer Module Tests","modules\footer\footer.spec.ts","",""
"","3355","should demonstrate enhanced locator usage","ZA Region","Fri Sep 26 19:38:54 IST 2025","failed","Fri Sep 26 19:38:57 IST 2025","Enhanced CSV Locator Tests","modules\footer\sample.spec.ts","",""
"","0","New-T31-Verify ""Social media"" options presence and functionality on Bet confirmation pop up window.","ZA Region","Mon Sep 29 19:23:17 IST 2025","skipped","Mon Sep 29 19:23:17 IST 2025","BetInfluencer Tests","modules\betInfluencer\betInfluencer.spec.ts","",""
"","33720","T5- Verify that user should able to see mouse over hand icon on the ""Sponsorships"" logo in footer","GH Region","Fri Sep 26 14:40:57 IST 2025","passed","Fri Sep 26 14:41:30 IST 2025","Footer Module Tests","modules\footer\footer.spec.ts","",""
"","0","T67 - Verify that user is able to see the ""Login"" window from signup popup window when clicked on ""Favorite icon"" button on game banner while on ""Virtuals"" page","ZA Region","Mon Sep 29 19:26:02 IST 2025","skipped","Mon Sep 29 19:26:02 IST 2025","Login Page Tests","modules\login\loginPage.spec.ts","",""
"","8340","T10 - Verify user is able to login from hamburger menu","ZA Region","Mon Sep 29 19:25:52 IST 2025","failed","Mon Sep 29 19:26:01 IST 2025","Login Page Tests","modules\login\loginPage.spec.ts","",""
"","12617","T50-Verify that User should able to click on any option available on ""How to Reset Password"" section","GH Region","Fri Sep 26 14:45:29 IST 2025","passed","Fri Sep 26 14:45:42 IST 2025","Footer Module Tests","modules\footer\footer.spec.ts","",""
"","16742","T5- Verify that user should able to see mouse over hand icon on the ""Sponsorships"" logo in footer","ZA Region","Tue Sep 30 13:25:36 IST 2025","passed","Tue Sep 30 13:25:52 IST 2025","Footer Module Tests","modules\footer\footer.spec.ts","",""
"","10648","T5 - Verify that user should able to see the ""Login"" button on signup popup window","ZA Region","Tue Sep 30 09:53:07 IST 2025","failed","Tue Sep 30 09:53:17 IST 2025","Login Page Tests","modules\login\loginPage.spec.ts","",""
"","19409","T7-Verify contents of the ""Sponsorships"" page","ZA Region","Tue Sep 30 13:25:36 IST 2025","passed","Tue Sep 30 13:25:55 IST 2025","Footer Module Tests","modules\footer\footer.spec.ts","",""
"","22377","T25-Verify functionality of ""Back button"" inside FAQs page","GH Region","Fri Sep 26 14:42:37 IST 2025","passed","Fri Sep 26 14:43:00 IST 2025","Footer Module Tests","modules\footer\footer.spec.ts","",""
"","58705","T32-Verify functionality of ""Responsible Gaming"" at Footer section","ZA Region","Sat Sep 20 14:56:03 IST 2025","passed","Sat Sep 20 14:57:02 IST 2025","Footer Module Tests","modules\footer\footer.spec.ts","",""
"","0","T47 - Verify user is able to show password when clicked on eye hide button when on homepage","ZA Region","Mon Sep 29 19:26:02 IST 2025","skipped","Mon Sep 29 19:26:02 IST 2025","Login Page Tests","modules\login\loginPage.spec.ts","",""
"","1","T16-Verify presence of ""Booking Code"" message on Bet Confirmation pop up window.","ZA Region","Mon Sep 29 19:23:17 IST 2025","skipped","Mon Sep 29 19:23:17 IST 2025","BetInfluencer Tests","modules\betInfluencer\betInfluencer.spec.ts","",""
"","9587","T42-Verify that User should able to click on any option available on ""How to Bet"" section","GH Region","Fri Sep 26 14:44:01 IST 2025","passed","Fri Sep 26 14:44:10 IST 2025","Footer Module Tests","modules\footer\footer.spec.ts","",""
"","18846","T19-Verify the presence and functionality of ""Email: Support@betway.co.za"" hyperlink","GH Region","Fri Sep 26 14:42:15 IST 2025","failed","Fri Sep 26 14:42:34 IST 2025","Footer Module Tests","modules\footer\footer.spec.ts","",""
"","18496","T70-Verify functionality of ""18"" logo at footer section","ZA Region","Sat Sep 20 15:01:15 IST 2025","passed","Sat Sep 20 15:01:33 IST 2025","Footer Module Tests","modules\footer\footer.spec.ts","",""
"","0","T22 - Verify that user is not able to login when mobile number field is empty when navigated from aviator page","ZA Region","Mon Sep 29 19:26:01 IST 2025","skipped","Mon Sep 29 19:26:01 IST 2025","Login Page Tests","modules\login\loginPage.spec.ts","",""
"","973","T4 - Verify the Functionality and content of ""Details"" page inside the Bet influencer option from Hamburger menu.","ZA Region","Mon Sep 29 19:23:10 IST 2025","failed","Mon Sep 29 19:23:11 IST 2025","BetInfluencer Tests","modules\betInfluencer\betInfluencer.spec.ts","",""
"","27349","T6-Verify that user should able to click on ""Sponsorships"" logo in footer","ZA Region","Tue Sep 30 13:25:36 IST 2025","passed","Tue Sep 30 13:26:03 IST 2025","Footer Module Tests","modules\footer\footer.spec.ts","",""
"","5","T11/T12-Verify functionality of Sort Button on Details page inside bet influencer from Hamburger menu.","ZA Region","Mon Sep 29 19:23:15 IST 2025","skipped","Mon Sep 29 19:23:15 IST 2025","BetInfluencer Tests","modules\betInfluencer\betInfluencer.spec.ts","",""
"","18554","T48-Verify that User should able to click on any option available on ""How to Deposit"" section","ZA Region","Tue Sep 30 13:29:14 IST 2025","passed","Tue Sep 30 13:29:32 IST 2025","Footer Module Tests","modules\footer\footer.spec.ts","",""
"","10830","T48-Verify that User should able to click on any option available on ""How to Deposit"" section","GH Region","Fri Sep 26 14:45:18 IST 2025","passed","Fri Sep 26 14:45:29 IST 2025","Footer Module Tests","modules\footer\footer.spec.ts","",""
"","23746","T12-Verify functionality of ""privacy policy"" button","ZA Region","Tue Sep 30 13:25:55 IST 2025","passed","Tue Sep 30 13:26:18 IST 2025","Footer Module Tests","modules\footer\footer.spec.ts","",""
"","0","T55/59/63 - Verify that user is able to see the ""Login"" window from signup popup window when clicked on ""Favorite icon"" button on game banner while on ""Aviator"" page","ZA Region","Mon Sep 29 19:26:02 IST 2025","skipped","Mon Sep 29 19:26:02 IST 2025","Login Page Tests","modules\login\loginPage.spec.ts","",""
"","15535","T51-Verify that User should able to click on ""How to Withdraw"" on the How To page","ZA Region","Tue Sep 30 13:29:33 IST 2025","passed","Tue Sep 30 13:29:48 IST 2025","Footer Module Tests","modules\footer\footer.spec.ts","",""
"","614","T8- Verify presence of Total Monthly Revenue on Details page inside bet influencer from Hamburger menu.","ZA Region","Mon Sep 29 19:23:15 IST 2025","failed","Mon Sep 29 19:23:15 IST 2025","BetInfluencer Tests","modules\betInfluencer\betInfluencer.spec.ts","",""
"","0","T16 - Verify that user is not able to login if mobile number field has more than 9 numeric characters","ZA Region","Mon Sep 29 19:26:01 IST 2025","skipped","Mon Sep 29 19:26:01 IST 2025","Login Page Tests","modules\login\loginPage.spec.ts","",""
"","23816","T17-Verify functionality of ""Chat to Live Support"" button on Contact details page inside contact Us page","GH Region","Fri Sep 26 14:42:07 IST 2025","passed","Fri Sep 26 14:42:31 IST 2025","Footer Module Tests","modules\footer\footer.spec.ts","",""
"","9537","T55-Verify that User should able to click on ""How to Casino"" on the How To page","GH Region","Fri Sep 26 14:45:52 IST 2025","passed","Fri Sep 26 14:46:01 IST 2025","Footer Module Tests","modules\footer\footer.spec.ts","",""
"","0","T48 - Verify that user is able to see the ""Login"" window when clicked on ""Play"" button on game banner while on ""betgames"" page","ZA Region","Mon Sep 29 19:26:02 IST 2025","skipped","Mon Sep 29 19:26:02 IST 2025","Login Page Tests","modules\login\loginPage.spec.ts","",""
